{
	"pages": [ //pages数组中第一项表示应用启动页，参考：https://uniapp.dcloud.io/collocation/pages
		{
			"path": "pages/index/index",
			"style": {
				"navigationBarTitleText": "高考志愿填报"
			}
		},
		{
			"path" : "pages/login/login",
			"style" : 
			{
				"navigationBarTitleText" : "",
				"enablePullDownRefresh" : false
			}
		},
		{
			"path" : "pages/school_list/school_list",
			"style" : 
			{
				"navigationBarTitleText" : "",
				"enablePullDownRefresh" : false
			}
		},
		{
			"path" : "pages/choose/choose",
			"style" : 
			{
				"navigationBarTitleText" : "",
				"enablePullDownRefresh" : false
			}
		},
		{
			"path" : "pages/college_info/college_info",
			"style" : 
			{
				"navigationBarTitleText" : "",
				"enablePullDownRefresh" : false
			}
		},
		{
			"path" : "pages/register/register",
			"style" : 
			{
				"navigationBarTitleText" : "",
				"enablePullDownRefresh" : false
			}
		}

	],
	"globalStyle": {
		"navigationBarTextStyle": "black",
		"navigationBarTitleText": "uni-app",
		"navigationBarBackgroundColor": "#F8F8F8",
		"backgroundColor": "#F8F8F8"
	},
	"uniIdRouter": {}
}
