{
  "college_info": {
    "name": "西北工业大学",
    "type": "工科综合性大学",
    "location": "陕西省西安市",
    "phone": "029-88491234",
    "website": "http://www.nwpu.edu.cn"
  },
  "college_description": "西北工业大学（Northwestern Polytechnical University）位于陕西省西安市，是中国教育部直属的以航空航天为主的工科综合性大学。",
  "admission_records": [
    {
      "year": "2021",
      "province": "陕西",
      "average_score": "650",
      "min_score": "620",
      "max_score": "680"
    },
    {
      "year": "2020",
      "province": "陕西",
      "average_score": "645",
      "min_score": "610",
      "max_score": "675"
    },
    {
      "year": "2021",
      "province": "北京",
      "average_score": "660",
      "min_score": "630",
      "max_score": "690"
    },
    {
      "year": "2020",
      "province": "北京",
      "average_score": "655",
      "min_score": "620",
      "max_score": "680"
    }
  ],
  "majors": [
    {
      "name": "计算机科学与技术",
      "code": "080302",
      "duration": "4年"
    },
    {
      "name": "航空航天工程",
      "code": "080401",
      "duration": "4年"
    },
    {
      "name": "机械工程",
      "code": "080201",
      "duration": "4年"
    },
    {
      "name": "自动化",
      "code": "080202",
      "duration": "4年"
    }
  ]
}
