[
    {
        "id": 1,
        "name": "清华大学",
        "logo": "/static/assets/images/universities/qinghua.png",
        "location": "北京",
        "category": "985",
        "introduction": "清华大学，简称“清华”，位于中国北京市海淀区，是中华人民共和国教育部直属，由教育部、国家发展改革委员会和北京市共建，是中国乃至世界顶尖的综合性研究型大学之一。"
    },
    {
        "id": 2,
        "name": "北京大学",
        "logo": "/static/assets/images/universities/beida.png",
        "location": "北京",
        "category": "985",
        "introduction": "北京大学，简称“北大”，位于中华人民共和国北京市海淀区，创建于1898年，是中国近代最早建立的高等学府之一，是新文化运动的发祥地，是国家“985工程”和“211工程”重点支持的世界一流大学。"
    },
    {
        "id": 3,
        "name": "上海交通大学",
        "logo": "/static/assets/images/universities/sjtu.png",
        "location": "上海",
        "category": "综合",
        "introduction": "上海交通大学，简称“交大”，坐落于中国上海市徐汇区，是中国教育部直属的全日制普通高等学校，是中华人民共和国国家“双一流”、“211工程”、“985工程”重点建设的高水平大学。"
    },
    {
        "id": 4,
        "name": "复旦大学",
        "logo": "/static/assets/images/universities/fudan.png",
        "location": "上海",
        "category": "综合",
        "introduction": "复旦大学，位于中国上海市杨浦区，前身是1905年创建于上海的复旦公学，是中国人民共和国教育部直属，入选国家“双一流”、“985工程”、“211工程”、“2011计划”和“111计划”等国家重点建设的高水平大学。"
    },
    {
        "id": 5,
        "name": "浙江大学",
        "logo": "/static/assets/images/universities/zhejiang.png",
        "location": "杭州",
        "category": "综合",
        "introduction": "浙江大学，简称“浙大”，位于中国浙江省杭州市西湖区，创建于1897年，是中国最早的现代高等学府之一，是国家“双一流”、“985工程”、“211工程”、“2011计划”重点建设的世界一流大学。"
    },
    {
        "id": 6,
        "name": "中国科学技术大学",
        "logo": "/static/assets/images/universities/ustc.png",
        "location": "合肥",
        "category": "工科",
        "introduction": "中国科学技术大学，简称“中科大”，位于安徽省合肥市，是中国科学院所属的一所以前沿科学和高新技术为主、兼有特色管理与人文学科的综合性全国重点大学。"
    },
    {
        "id": 7,
        "name": "南京大学",
        "logo": "/static/assets/images/universities/nanjing-1.png",
        "location": "南京",
        "category": "综合",
        "introduction": "南京大学，简称“南大”，位于江苏省南京市，创建于1902年，是中国最早的现代高等学府之一，入选国家“双一流”、“985工程”、“211工程”、“2011计划”重点建设的世界一流大学。"
    },
    {
        "id": 8,
        "name": "哈尔滨工业大学",
        "logo": "/static/assets/images/universities/hit-1.png",
        "location": "哈尔滨",
        "category": "工科",
        "introduction": "哈尔滨工业大学，简称“哈工大”，位于中国黑龙江省哈尔滨市南岗区，创建于1920年，是中国最早的工科高等学府之一，是国家“双一流”、“985工程”、“211工程”重点建设的世界一流大学。"
    },
    {
        "id": 9,
        "name": "西安交通大学",
        "logo": "/static/assets/images/universities/xjtu.png",
        "location": "西安",
        "category": "工科",
        "introduction": "西安交通大学，简称“西交大”，位于陕西省西安市雁塔区，创建于1896年，是中国最早的工科高等学府之一，是国家“双一流”、“985工程”、“211工程”重点建设的世界一流大学。"
    },
    {
        "id": 10,
        "name": "西北工业大学",
        "logo": "/static/assets/images/universities/nwpu.png",
        "location": "西安",
        "category": "工科",
        "introduction": "西北工业大学，简称“西工大”，位于陕西省西安市长安区，创建于1938年，是中国最早的工科高等学府之一，是国家“双一流”、“985工程”、“211工程”重点建设的世界一流大学。"
    }
]
